,DISTRICT_NAME,SUBCOUNTY_NAME,Crop,Yield
0,ABIM,ABIM,maize_yield_Kg/ha,1183.089648
1,ABIM,ABIM TOWN COUNCIL,maize_yield_Kg/ha,1061.151087
2,ABIM,ALEREK,maize_yield_Kg/ha,1259.122045
3,ABIM,LOTUKEI,maize_yield_Kg/ha,1003.30391
4,ABIM,MORULEM,maize_yield_Kg/ha,962.9581695
5,ABIM,NYAKWAE,maize_yield_Kg/ha,779.2250311
6,AMUDAT,AMUDAT,maize_yield_Kg/ha,1379.045945
7,AMUDAT,AMUDAT TOWN COUNCIL,maize_yield_Kg/ha,861.2084912
8,AMUDAT,KARITA,maize_yield_Kg/ha,1286.723173
9,AMUDAT,LOROO,maize_yield_Kg/ha,1196.08804
10,KAABONG,KAABONG  EAST,maize_yield_Kg/ha,650.1235648
11,KAABONG,KAABONG TOWN COUNCIL,maize_yield_Kg/ha,1229.213444
12,KAABONG,KAABONG WEST,maize_yield_Kg/ha,1056.416068
13,KAABONG,KALAPATA,maize_yield_Kg/ha,633.4231821
14,KAABONG,KAMION,maize_yield_Kg/ha,714.4757426
15,KAABONG,KAPEDO,maize_yield_Kg/ha,1030.064093
16,KAABONG,KATHILE,maize_yield_Kg/ha,1125.685462
17,KAABONG,KAWALAKOL,maize_yield_Kg/ha,871.612802
18,KAABONG,LOBALANGIT,maize_yield_Kg/ha,985.1926986
19,KAABONG,LODIKO,maize_yield_Kg/ha,815.2557286
20,KAABONG,LOLELIA,maize_yield_Kg/ha,1273.397362
21,KAABONG,LOYORO,maize_yield_Kg/ha,1303.403556
22,KAABONG,NAPORE (KARENGA),maize_yield_Kg/ha,765.3349255
23,KAABONG,SIDOK,maize_yield_Kg/ha,1396.991494
24,KOTIDO,KACHERI,maize_yield_Kg/ha,1137.467019
25,KOTIDO,KOTIDO,maize_yield_Kg/ha,1162.996687
26,KOTIDO,KOTIDO TOWN COUNCIL,maize_yield_Kg/ha,1167.005832
27,KOTIDO,NAKAPERIMORU,maize_yield_Kg/ha,852.3665784
28,KOTIDO,PANYANGARA,maize_yield_Kg/ha,1283.859882
29,KOTIDO,RENGEN,maize_yield_Kg/ha,1047.180128
30,MOROTO,KATIKEKILE,maize_yield_Kg/ha,546.1402942
31,MOROTO,NADUNGET,maize_yield_Kg/ha,591.2703553
32,MOROTO,NORTHERN DIVISION,maize_yield_Kg/ha,241.5384268
33,MOROTO,RUPA,maize_yield_Kg/ha,699.3343089
34,MOROTO,SOUTHERN DIVISION,maize_yield_Kg/ha,0.0
35,MOROTO,TAPAC,maize_yield_Kg/ha,211.9656354
36,NAKAPIRIPIRIT,KAKOMONGOLE,maize_yield_Kg/ha,1318.261936
37,NAKAPIRIPIRIT,LOLACHAT,maize_yield_Kg/ha,1225.930541
38,NAKAPIRIPIRIT,LOREGAE,maize_yield_Kg/ha,1114.593607
39,NAKAPIRIPIRIT,LORENGEDWAT,maize_yield_Kg/ha,795.7332802
40,NAKAPIRIPIRIT,MORUITA,maize_yield_Kg/ha,1248.955812
41,NAKAPIRIPIRIT,NABILATUK,maize_yield_Kg/ha,1066.204758
42,NAKAPIRIPIRIT,NAKAPIRIPIRIT TOWN COUNCIL,maize_yield_Kg/ha,1257.802716
43,NAKAPIRIPIRIT,NAMALU,maize_yield_Kg/ha,1325.254872
44,NAPAK,IRIIRI,maize_yield_Kg/ha,873.4522415
45,NAPAK,LOKOPO,maize_yield_Kg/ha,748.8298623
46,NAPAK,LOPEEI,maize_yield_Kg/ha,1053.257168
47,NAPAK,LORENGECORA,maize_yield_Kg/ha,841.8150105
48,NAPAK,LOTOME,maize_yield_Kg/ha,507.9070676
49,NAPAK,MATANY,maize_yield_Kg/ha,497.3532824
50,NAPAK,NAPAK TOWN COUNCIL,maize_yield_Kg/ha,725.8139301
51,NAPAK,NGOLERIET,maize_yield_Kg/ha,528.6998225
52,ABIM,ABIM,sorghum_yield_Kg/ha,501.2632494
53,ABIM,ABIM TOWN COUNCIL,sorghum_yield_Kg/ha,439.7509955
54,ABIM,ALEREK,sorghum_yield_Kg/ha,520.4076722
55,ABIM,LOTUKEI,sorghum_yield_Kg/ha,382.8689859
56,ABIM,MORULEM,sorghum_yield_Kg/ha,407.5004165
57,ABIM,NYAKWAE,sorghum_yield_Kg/ha,329.7590298
58,AMUDAT,AMUDAT,sorghum_yield_Kg/ha,239.0478779
59,AMUDAT,AMUDAT TOWN COUNCIL,sorghum_yield_Kg/ha,146.1177968
60,AMUDAT,KARITA,sorghum_yield_Kg/ha,193.9048415
61,AMUDAT,LOROO,sorghum_yield_Kg/ha,200.6962102
62,KAABONG,KAABONG  EAST,sorghum_yield_Kg/ha,160.5885252
63,KAABONG,KAABONG TOWN COUNCIL,sorghum_yield_Kg/ha,212.210703
64,KAABONG,KAABONG WEST,sorghum_yield_Kg/ha,208.0405184
65,KAABONG,KALAPATA,sorghum_yield_Kg/ha,209.8093519
66,KAABONG,KAMION,sorghum_yield_Kg/ha,259.8982456
67,KAABONG,KAPEDO,sorghum_yield_Kg/ha,301.1543278
68,KAABONG,KATHILE,sorghum_yield_Kg/ha,312.2786152
69,KAABONG,KAWALAKOL,sorghum_yield_Kg/ha,298.4499592
70,KAABONG,LOBALANGIT,sorghum_yield_Kg/ha,386.5298191
71,KAABONG,LODIKO,sorghum_yield_Kg/ha,164.6520605
72,KAABONG,LOLELIA,sorghum_yield_Kg/ha,285.2134272
73,KAABONG,LOYORO,sorghum_yield_Kg/ha,284.1830582
74,KAABONG,NAPORE (KARENGA),sorghum_yield_Kg/ha,295.7343498
75,KAABONG,SIDOK,sorghum_yield_Kg/ha,285.3362943
76,KOTIDO,KACHERI,sorghum_yield_Kg/ha,354.2074107
77,KOTIDO,KOTIDO,sorghum_yield_Kg/ha,367.8905232
78,KOTIDO,KOTIDO TOWN COUNCIL,sorghum_yield_Kg/ha,369.3141771
79,KOTIDO,NAKAPERIMORU,sorghum_yield_Kg/ha,283.3245689
80,KOTIDO,PANYANGARA,sorghum_yield_Kg/ha,373.8369255
81,KOTIDO,RENGEN,sorghum_yield_Kg/ha,271.1858431
82,MOROTO,KATIKEKILE,sorghum_yield_Kg/ha,311.0062152
83,MOROTO,NADUNGET,sorghum_yield_Kg/ha,133.6679356
84,MOROTO,NORTHERN DIVISION,sorghum_yield_Kg/ha,131.9776979
85,MOROTO,RUPA,sorghum_yield_Kg/ha,114.2709211
86,MOROTO,SOUTHERN DIVISION,sorghum_yield_Kg/ha,114.7955689
87,MOROTO,TAPAC,sorghum_yield_Kg/ha,155.8699345
88,NAKAPIRIPIRIT,KAKOMONGOLE,sorghum_yield_Kg/ha,398.9790051
89,NAKAPIRIPIRIT,LOLACHAT,sorghum_yield_Kg/ha,334.2843018
90,NAKAPIRIPIRIT,LOREGAE,sorghum_yield_Kg/ha,384.256293
91,NAKAPIRIPIRIT,LORENGEDWAT,sorghum_yield_Kg/ha,188.6996119
92,NAKAPIRIPIRIT,MORUITA,sorghum_yield_Kg/ha,430.5573751
93,NAKAPIRIPIRIT,NABILATUK,sorghum_yield_Kg/ha,259.4541224
94,NAKAPIRIPIRIT,NAKAPIRIPIRIT TOWN COUNCIL,sorghum_yield_Kg/ha,482.4387931
95,NAKAPIRIPIRIT,NAMALU,sorghum_yield_Kg/ha,560.3130703
96,NAPAK,IRIIRI,sorghum_yield_Kg/ha,229.2991573
97,NAPAK,LOKOPO,sorghum_yield_Kg/ha,120.8622322
98,NAPAK,LOPEEI,sorghum_yield_Kg/ha,108.1564114
99,NAPAK,LORENGECORA,sorghum_yield_Kg/ha,184.0811969
100,NAPAK,LOTOME,sorghum_yield_Kg/ha,128.5555976
101,NAPAK,MATANY,sorghum_yield_Kg/ha,130.0076868
102,NAPAK,NAPAK TOWN COUNCIL,sorghum_yield_Kg/ha,175.828068
103,NAPAK,NGOLERIET,sorghum_yield_Kg/ha,134.0840894
